"","Year","SalCat","Taxa2","CPUE","X2","Outflow"
"1",2000,"Fresh (<0.5ppt)","Acartia",2.10643122420907,60.3779797979798,34538.3131313131
"2",2000,"Fresh (<0.5ppt)","Bosmina",581.825826306956,60.3779797979798,34538.3131313131
"3",2000,"Fresh (<0.5ppt)","Daphnia sp.",534.851949281993,60.3779797979798,34538.3131313131
"4",2000,"Fresh (<0.5ppt)","Eurytemora",525.12134547175,60.3779797979798,34538.3131313131
"5",2000,"Fresh (<0.5ppt)","Harpacticoids",43.7535967188569,60.3779797979798,34538.3131313131
"6",2000,"Fresh (<0.5ppt)","Mysids",0.585911458333333,57.6334375,56394.375
"7",2000,"Fresh (<0.5ppt)","Pseudodiaptomus",1872.07078027271,60.3779797979798,34538.3131313131
"8",2000,"Fresh (<0.5ppt)","Sinocalanus",396.329671161621,60.3779797979798,34538.3131313131
"9",2000,"Low Salinity (0.5-6 ppt)","Acartia",253.807003493452,60.6632203389831,32078.7457627119
"10",2000,"Low Salinity (0.5-6 ppt)","Bosmina",1.3201795296914,60.6632203389831,32078.7457627119
"11",2000,"Low Salinity (0.5-6 ppt)","Daphnia sp.",18.8528872738966,60.6632203389831,32078.7457627119
"12",2000,"Low Salinity (0.5-6 ppt)","Eurytemora",5617.02373380681,60.6632203389831,32078.7457627119
"13",2000,"Low Salinity (0.5-6 ppt)","Harpacticoids",212.405513506226,60.6632203389831,32078.7457627119
"14",2000,"Low Salinity (0.5-6 ppt)","Mysids",1.10947916666667,58.90625,44664.5
"15",2000,"Low Salinity (0.5-6 ppt)","Pseudodiaptomus",1076.74906309432,60.6632203389831,32078.7457627119
"16",2000,"Low Salinity (0.5-6 ppt)","Sinocalanus",510.471785358937,60.6632203389831,32078.7457627119
"17",2000,"High Salinity (>6 ppt)","Acartia",5812.05690939413,62.52,26157.4761904762
"18",2000,"High Salinity (>6 ppt)","Bosmina",0,62.52,26157.4761904762
"19",2000,"High Salinity (>6 ppt)","Daphnia sp.",0,62.52,26157.4761904762
"20",2000,"High Salinity (>6 ppt)","Eurytemora",926.906379166278,62.52,26157.4761904762
"21",2000,"High Salinity (>6 ppt)","Harpacticoids",343.727332445876,62.52,26157.4761904762
"22",2000,"High Salinity (>6 ppt)","Mysids",2.71630952380952,63.31,23682.7142857143
"23",2000,"High Salinity (>6 ppt)","Pseudodiaptomus",20.4447675605748,62.52,26157.4761904762
"24",2000,"High Salinity (>6 ppt)","Sinocalanus",29.0005833106095,62.52,26157.4761904762
"25",2001,"Fresh (<0.5ppt)","Acartia",0.501969956078188,72.829649122807,10132.2923976608
"26",2001,"Fresh (<0.5ppt)","Bosmina",2876.8928780822,72.829649122807,10132.2923976608
"27",2001,"Fresh (<0.5ppt)","Daphnia sp.",851.421403594032,72.829649122807,10132.2923976608
"28",2001,"Fresh (<0.5ppt)","Eurytemora",1606.73113643078,72.829649122807,10132.2923976608
"29",2001,"Fresh (<0.5ppt)","Harpacticoids",40.3929780236165,72.829649122807,10132.2923976608
"30",2001,"Fresh (<0.5ppt)","Mysids",0.348990384615385,70.7673076923077,12516.4230769231
"31",2001,"Fresh (<0.5ppt)","Pseudodiaptomus",1017.2864228993,72.829649122807,10132.2923976608
"32",2001,"Fresh (<0.5ppt)","Sinocalanus",488.034479190651,72.829649122807,10132.2923976608
"33",2001,"Low Salinity (0.5-6 ppt)","Acartia",168.152204478836,73.9965,10400.8166666667
"34",2001,"Low Salinity (0.5-6 ppt)","Bosmina",6.46678993653132,73.9965,10400.8166666667
"35",2001,"Low Salinity (0.5-6 ppt)","Daphnia sp.",3.93642574659699,73.9965,10400.8166666667
"36",2001,"Low Salinity (0.5-6 ppt)","Eurytemora",494.561892618618,73.9965,10400.8166666667
"37",2001,"Low Salinity (0.5-6 ppt)","Harpacticoids",120.356412090311,73.9965,10400.8166666667
"38",2001,"Low Salinity (0.5-6 ppt)","Mysids",0.477604166666667,74.185,9618.625
"39",2001,"Low Salinity (0.5-6 ppt)","Pseudodiaptomus",278.86223142172,73.9965,10400.8166666667
"40",2001,"Low Salinity (0.5-6 ppt)","Sinocalanus",440.83306005208,73.9965,10400.8166666667
"41",2001,"High Salinity (>6 ppt)","Acartia",4281.17184320274,73.5866666666667,11871.7916666667
"42",2001,"High Salinity (>6 ppt)","Bosmina",4.14813170852147,73.5866666666667,11871.7916666667
"43",2001,"High Salinity (>6 ppt)","Daphnia sp.",0.418109695085425,73.5866666666667,11871.7916666667
"44",2001,"High Salinity (>6 ppt)","Eurytemora",299.6249780461,73.5866666666667,11871.7916666667
"45",2001,"High Salinity (>6 ppt)","Harpacticoids",205.676650137324,73.5866666666667,11871.7916666667
"46",2001,"High Salinity (>6 ppt)","Mysids",0.0473958333333333,72.34375,10070.75
"47",2001,"High Salinity (>6 ppt)","Pseudodiaptomus",17.264082744306,73.5866666666667,11871.7916666667
"48",2001,"High Salinity (>6 ppt)","Sinocalanus",20.3101826533121,73.5866666666667,11871.7916666667
"49",2002,"Fresh (<0.5ppt)","Acartia",3.49194402262008,73.0826490066225,12389.0264900662
"50",2002,"Fresh (<0.5ppt)","Bosmina",1784.44688699692,73.0826490066225,12389.0264900662
"51",2002,"Fresh (<0.5ppt)","Daphnia sp.",276.138704744708,73.0826490066225,12389.0264900662
"52",2002,"Fresh (<0.5ppt)","Eurytemora",1113.42116849892,73.0826490066225,12389.0264900662
"53",2002,"Fresh (<0.5ppt)","Harpacticoids",34.2847674031554,73.0826490066225,12389.0264900662
"54",2002,"Fresh (<0.5ppt)","Mysids",0.117878787878788,73.3104545454545,11757.5454545455
"55",2002,"Fresh (<0.5ppt)","Pseudodiaptomus",281.320422001852,73.0826490066225,12389.0264900662
"56",2002,"Fresh (<0.5ppt)","Sinocalanus",416.704679934651,73.0826490066225,12389.0264900662
"57",2002,"Low Salinity (0.5-6 ppt)","Acartia",41.4885820893363,73.2774226804124,12346.0618556701
"58",2002,"Low Salinity (0.5-6 ppt)","Bosmina",14.5724313316399,73.2774226804124,12346.0618556701
"59",2002,"Low Salinity (0.5-6 ppt)","Daphnia sp.",4.74563093483868,73.2774226804124,12346.0618556701
"60",2002,"Low Salinity (0.5-6 ppt)","Eurytemora",663.721520850959,73.2774226804124,12346.0618556701
"61",2002,"Low Salinity (0.5-6 ppt)","Harpacticoids",151.841445396071,73.2774226804124,12346.0618556701
"62",2002,"Low Salinity (0.5-6 ppt)","Mysids",0.822738095238095,73.3457142857143,13005.7142857143
"63",2002,"Low Salinity (0.5-6 ppt)","Pseudodiaptomus",21.5163708049425,73.2774226804124,12346.0618556701
"64",2002,"Low Salinity (0.5-6 ppt)","Sinocalanus",306.307255085794,73.2774226804124,12346.0618556701
"65",2002,"High Salinity (>6 ppt)","Acartia",2437.08065945515,73.5448717948718,12596.7692307692
"66",2002,"High Salinity (>6 ppt)","Bosmina",0,73.5448717948718,12596.7692307692
"67",2002,"High Salinity (>6 ppt)","Daphnia sp.",0,73.5448717948718,12596.7692307692
"68",2002,"High Salinity (>6 ppt)","Eurytemora",603.482141386527,73.5448717948718,12596.7692307692
"69",2002,"High Salinity (>6 ppt)","Harpacticoids",213.888978403583,73.5448717948718,12596.7692307692
"70",2002,"High Salinity (>6 ppt)","Mysids",0.130787037037037,73.4377777777778,14042.1111111111
"71",2002,"High Salinity (>6 ppt)","Pseudodiaptomus",44.3105126269565,73.5448717948718,12596.7692307692
"72",2002,"High Salinity (>6 ppt)","Sinocalanus",13.5373199965114,73.5448717948718,12596.7692307692
"73",2003,"Fresh (<0.5ppt)","Acartia",0.354499534041052,66.8563953488372,31385.0290697674
"74",2003,"Fresh (<0.5ppt)","Bosmina",1983.92299872023,66.8563953488372,31385.0290697674
"75",2003,"Fresh (<0.5ppt)","Daphnia sp.",354.407755333097,66.8563953488372,31385.0290697674
"76",2003,"Fresh (<0.5ppt)","Eurytemora",571.24562875281,66.8563953488372,31385.0290697674
"77",2003,"Fresh (<0.5ppt)","Harpacticoids",14.5537117994161,66.8563953488372,31385.0290697674
"78",2003,"Fresh (<0.5ppt)","Mysids",0.0579320987654321,66.9996296296296,31933.9259259259
"79",2003,"Fresh (<0.5ppt)","Pseudodiaptomus",226.777128888312,66.8563953488372,31385.0290697674
"80",2003,"Fresh (<0.5ppt)","Sinocalanus",393.226067959999,66.8563953488372,31385.0290697674
"81",2003,"Low Salinity (0.5-6 ppt)","Acartia",282.289628707201,68.4670967741935,21803.064516129
"82",2003,"Low Salinity (0.5-6 ppt)","Bosmina",126.040975116905,68.4670967741935,21803.064516129
"83",2003,"Low Salinity (0.5-6 ppt)","Daphnia sp.",27.0087206549604,68.4670967741935,21803.064516129
"84",2003,"Low Salinity (0.5-6 ppt)","Eurytemora",611.125782100855,68.4670967741935,21803.064516129
"85",2003,"Low Salinity (0.5-6 ppt)","Harpacticoids",75.2498124060574,68.4670967741935,21803.064516129
"86",2003,"Low Salinity (0.5-6 ppt)","Mysids",0.5305625,68.575,22046.05
"87",2003,"Low Salinity (0.5-6 ppt)","Pseudodiaptomus",360.764745574185,68.4670967741935,21803.064516129
"88",2003,"Low Salinity (0.5-6 ppt)","Sinocalanus",219.60705713473,68.4670967741935,21803.064516129
"89",2003,"High Salinity (>6 ppt)","Acartia",3937.85871684091,69.5834782608696,19810.4782608696
"90",2003,"High Salinity (>6 ppt)","Bosmina",1.93237858258711,69.5834782608696,19810.4782608696
"91",2003,"High Salinity (>6 ppt)","Daphnia sp.",0,69.5834782608696,19810.4782608696
"92",2003,"High Salinity (>6 ppt)","Eurytemora",202.818790955896,69.5834782608696,19810.4782608696
"93",2003,"High Salinity (>6 ppt)","Harpacticoids",56.5118159041789,69.5834782608696,19810.4782608696
"94",2003,"High Salinity (>6 ppt)","Mysids",0.0295833333333333,68.245,23086.1666666667
"95",2003,"High Salinity (>6 ppt)","Pseudodiaptomus",397.393596071318,69.5834782608696,19810.4782608696
"96",2003,"High Salinity (>6 ppt)","Sinocalanus",15.3334172964277,69.5834782608696,19810.4782608696
"97",2004,"Fresh (<0.5ppt)","Acartia",0.412583604219297,65.713288590604,19786.4563758389
"98",2004,"Fresh (<0.5ppt)","Bosmina",2720.33100228679,65.713288590604,19786.4563758389
"99",2004,"Fresh (<0.5ppt)","Daphnia sp.",408.655686931959,65.713288590604,19786.4563758389
"100",2004,"Fresh (<0.5ppt)","Eurytemora",647.534029746779,65.713288590604,19786.4563758389
"101",2004,"Fresh (<0.5ppt)","Harpacticoids",17.3401989325265,65.713288590604,19786.4563758389
"102",2004,"Fresh (<0.5ppt)","Mysids",0.201908602150538,62.5496774193548,27539.7096774194
"103",2004,"Fresh (<0.5ppt)","Pseudodiaptomus",1078.8454834962,65.713288590604,19786.4563758389
"104",2004,"Fresh (<0.5ppt)","Sinocalanus",491.136364012294,65.713288590604,19786.4563758389
"105",2004,"Low Salinity (0.5-6 ppt)","Acartia",308.83405456839,67.4448214285714,17246.1607142857
"106",2004,"Low Salinity (0.5-6 ppt)","Bosmina",12.7847735344836,67.4448214285714,17246.1607142857
"107",2004,"Low Salinity (0.5-6 ppt)","Daphnia sp.",2.43635640927177,67.4448214285714,17246.1607142857
"108",2004,"Low Salinity (0.5-6 ppt)","Eurytemora",202.940593834024,67.4448214285714,17246.1607142857
"109",2004,"Low Salinity (0.5-6 ppt)","Harpacticoids",105.804352013521,67.4448214285714,17246.1607142857
"110",2004,"Low Salinity (0.5-6 ppt)","Mysids",1.01005208333333,65.225,23827.1875
"111",2004,"Low Salinity (0.5-6 ppt)","Pseudodiaptomus",227.528741411005,67.4448214285714,17246.1607142857
"112",2004,"Low Salinity (0.5-6 ppt)","Sinocalanus",346.415423079822,67.4448214285714,17246.1607142857
"113",2004,"High Salinity (>6 ppt)","Acartia",1243.58357969747,67.74,17555.8695652174
"114",2004,"High Salinity (>6 ppt)","Bosmina",0.178539761972392,67.74,17555.8695652174
"115",2004,"High Salinity (>6 ppt)","Daphnia sp.",0.168119666684339,67.74,17555.8695652174
"116",2004,"High Salinity (>6 ppt)","Eurytemora",83.4327839342697,67.74,17555.8695652174
"117",2004,"High Salinity (>6 ppt)","Harpacticoids",96.9436628502898,67.74,17555.8695652174
"118",2004,"High Salinity (>6 ppt)","Mysids",0.0424583333333333,63.46,23903.8
"119",2004,"High Salinity (>6 ppt)","Pseudodiaptomus",88.0377582886056,67.74,17555.8695652174
"120",2004,"High Salinity (>6 ppt)","Sinocalanus",5.98406276255319,67.74,17555.8695652174
"121",2005,"Fresh (<0.5ppt)","Acartia",0.410742680440437,62.6836111111111,42084.5648148148
"122",2005,"Fresh (<0.5ppt)","Bosmina",313.347135776407,62.6836111111111,42084.5648148148
"123",2005,"Fresh (<0.5ppt)","Daphnia sp.",120.230348247384,62.6836111111111,42084.5648148148
"124",2005,"Fresh (<0.5ppt)","Eurytemora",404.75133330832,62.6836111111111,42084.5648148148
"125",2005,"Fresh (<0.5ppt)","Harpacticoids",7.33298761549239,62.6836111111111,42084.5648148148
"126",2005,"Fresh (<0.5ppt)","Mysids",0.19556712962963,62.9622222222222,38422.6111111111
"127",2005,"Fresh (<0.5ppt)","Pseudodiaptomus",240.314944378214,62.6836111111111,42084.5648148148
"128",2005,"Fresh (<0.5ppt)","Sinocalanus",123.616932999617,62.6836111111111,42084.5648148148
"129",2005,"Low Salinity (0.5-6 ppt)","Acartia",66.7178671614499,63.5089090909091,34201.1818181818
"130",2005,"Low Salinity (0.5-6 ppt)","Bosmina",14.257984500019,63.5089090909091,34201.1818181818
"131",2005,"Low Salinity (0.5-6 ppt)","Daphnia sp.",7.41130761937617,63.5089090909091,34201.1818181818
"132",2005,"Low Salinity (0.5-6 ppt)","Eurytemora",628.52992490997,63.5089090909091,34201.1818181818
"133",2005,"Low Salinity (0.5-6 ppt)","Harpacticoids",47.7798238335371,63.5089090909091,34201.1818181818
"134",2005,"Low Salinity (0.5-6 ppt)","Mysids",0.287275641025641,63.2538461538462,42901.3076923077
"135",2005,"Low Salinity (0.5-6 ppt)","Pseudodiaptomus",105.392349738071,63.5089090909091,34201.1818181818
"136",2005,"Low Salinity (0.5-6 ppt)","Sinocalanus",199.887649644259,63.5089090909091,34201.1818181818
"137",2005,"High Salinity (>6 ppt)","Acartia",2085.55833000258,63.7547368421053,42654.4210526316
"138",2005,"High Salinity (>6 ppt)","Bosmina",0.0831578947368421,63.7547368421053,42654.4210526316
"139",2005,"High Salinity (>6 ppt)","Daphnia sp.",0.479217295562046,63.7547368421053,42654.4210526316
"140",2005,"High Salinity (>6 ppt)","Eurytemora",264.001394086891,63.7547368421053,42654.4210526316
"141",2005,"High Salinity (>6 ppt)","Harpacticoids",119.222244322806,63.7547368421053,42654.4210526316
"142",2005,"High Salinity (>6 ppt)","Mysids",0.0211742424242424,63.2436363636364,51718.1818181818
"143",2005,"High Salinity (>6 ppt)","Pseudodiaptomus",26.1527477414836,63.7547368421053,42654.4210526316
"144",2005,"High Salinity (>6 ppt)","Sinocalanus",4.8835851397016,63.7547368421053,42654.4210526316
"145",2006,"Fresh (<0.5ppt)","Acartia",0.652993745472903,47.800658436214,131735.341563786
"146",2006,"Fresh (<0.5ppt)","Bosmina",690.412746861801,47.800658436214,131735.341563786
"147",2006,"Fresh (<0.5ppt)","Daphnia sp.",98.7549771486573,47.800658436214,131735.341563786
"148",2006,"Fresh (<0.5ppt)","Eurytemora",483.861543911359,47.800658436214,131735.341563786
"149",2006,"Fresh (<0.5ppt)","Harpacticoids",37.9185304485033,47.800658436214,131735.341563786
"150",2006,"Fresh (<0.5ppt)","Mysids",0.215868794326241,47.8748936170213,112056.14893617
"151",2006,"Fresh (<0.5ppt)","Pseudodiaptomus",165.445568389757,47.800658436214,131735.341563786
"152",2006,"Fresh (<0.5ppt)","Sinocalanus",60.8066205289396,47.800658436214,131735.341563786
"153",2006,"Low Salinity (0.5-6 ppt)","Acartia",830.437190145641,48.198125,97955.0416666667
"154",2006,"Low Salinity (0.5-6 ppt)","Bosmina",150.809370790316,48.198125,97955.0416666667
"155",2006,"Low Salinity (0.5-6 ppt)","Daphnia sp.",11.4953945801725,48.198125,97955.0416666667
"156",2006,"Low Salinity (0.5-6 ppt)","Eurytemora",5756.59133131815,48.198125,97955.0416666667
"157",2006,"Low Salinity (0.5-6 ppt)","Harpacticoids",584.616552949915,48.198125,97955.0416666667
"158",2006,"Low Salinity (0.5-6 ppt)","Mysids",1.04464743589744,49.1461538461538,94380.0769230769
"159",2006,"Low Salinity (0.5-6 ppt)","Pseudodiaptomus",2034.68658212661,48.198125,97955.0416666667
"160",2006,"Low Salinity (0.5-6 ppt)","Sinocalanus",441.158602350714,48.198125,97955.0416666667
"161",2006,"High Salinity (>6 ppt)","Acartia",4858.116,49.052,87291.6
"162",2006,"High Salinity (>6 ppt)","Bosmina",3.614,49.052,87291.6
"163",2006,"High Salinity (>6 ppt)","Daphnia sp.",0,49.052,87291.6
"164",2006,"High Salinity (>6 ppt)","Eurytemora",1632.55,49.052,87291.6
"165",2006,"High Salinity (>6 ppt)","Harpacticoids",60.756,49.052,87291.6
"166",2006,"High Salinity (>6 ppt)","Mysids",0.161083333333333,49.052,87291.6
"167",2006,"High Salinity (>6 ppt)","Pseudodiaptomus",79.318,49.052,87291.6
"168",2006,"High Salinity (>6 ppt)","Sinocalanus",50.816,49.052,87291.6
"169",2007,"Fresh (<0.5ppt)","Acartia",17.0277202217229,74.246582278481,11419.9810126582
"170",2007,"Fresh (<0.5ppt)","Bosmina",3965.36853271891,74.246582278481,11419.9810126582
"171",2007,"Fresh (<0.5ppt)","Daphnia sp.",561.216148666663,74.246582278481,11419.9810126582
"172",2007,"Fresh (<0.5ppt)","Eurytemora",673.574522675824,74.246582278481,11419.9810126582
"173",2007,"Fresh (<0.5ppt)","Harpacticoids",91.9738953112958,74.246582278481,11419.9810126582
"174",2007,"Fresh (<0.5ppt)","Mysids",0.0143923611111111,73.11625,12119.7916666667
"175",2007,"Fresh (<0.5ppt)","Pseudodiaptomus",1408.74366608752,74.246582278481,11419.9810126582
"176",2007,"Fresh (<0.5ppt)","Sinocalanus",412.617011208534,74.246582278481,11419.9810126582
"177",2007,"Low Salinity (0.5-6 ppt)","Acartia",303.826277124681,74.5277922077922,10625.8831168831
"178",2007,"Low Salinity (0.5-6 ppt)","Bosmina",7.87205245666845,74.5277922077922,10625.8831168831
"179",2007,"Low Salinity (0.5-6 ppt)","Daphnia sp.",10.4525776761968,74.5277922077922,10625.8831168831
"180",2007,"Low Salinity (0.5-6 ppt)","Eurytemora",531.065864811252,74.5277922077922,10625.8831168831
"181",2007,"Low Salinity (0.5-6 ppt)","Harpacticoids",279.81753931922,74.5277922077922,10625.8831168831
"182",2007,"Low Salinity (0.5-6 ppt)","Mysids",0.117443181818182,73.9640909090909,10791.1818181818
"183",2007,"Low Salinity (0.5-6 ppt)","Pseudodiaptomus",364.240187451939,74.5277922077922,10625.8831168831
"184",2007,"Low Salinity (0.5-6 ppt)","Sinocalanus",211.953029710818,74.5277922077922,10625.8831168831
"185",2007,"High Salinity (>6 ppt)","Acartia",3066.58727008975,75.1080487804878,10224.9024390244
"186",2007,"High Salinity (>6 ppt)","Bosmina",2.44806550255456,75.1080487804878,10224.9024390244
"187",2007,"High Salinity (>6 ppt)","Daphnia sp.",0.11390243902439,75.1080487804878,10224.9024390244
"188",2007,"High Salinity (>6 ppt)","Eurytemora",372.214592178444,75.1080487804878,10224.9024390244
"189",2007,"High Salinity (>6 ppt)","Harpacticoids",979.376330218147,75.1080487804878,10224.9024390244
"190",2007,"High Salinity (>6 ppt)","Mysids",0.0256944444444444,73.84,10422.6666666667
"191",2007,"High Salinity (>6 ppt)","Pseudodiaptomus",16.3277634032594,75.1080487804878,10224.9024390244
"192",2007,"High Salinity (>6 ppt)","Sinocalanus",11.773814383842,75.1080487804878,10224.9024390244
"193",2008,"Fresh (<0.5ppt)","Acartia",0.0169047619047619,75.851369047619,9448.68452380952
"194",2008,"Fresh (<0.5ppt)","Bosmina",1952.80243262948,75.851369047619,9448.68452380952
"195",2008,"Fresh (<0.5ppt)","Daphnia sp.",714.98041440902,75.851369047619,9448.68452380952
"196",2008,"Fresh (<0.5ppt)","Eurytemora",803.500000148861,75.851369047619,9448.68452380952
"197",2008,"Fresh (<0.5ppt)","Harpacticoids",49.8811158425944,75.851369047619,9448.68452380952
"198",2008,"Fresh (<0.5ppt)","Mysids",0.118351449275362,74.804347826087,10212.6086956522
"199",2008,"Fresh (<0.5ppt)","Pseudodiaptomus",1379.99876737416,75.851369047619,9448.68452380952
"200",2008,"Fresh (<0.5ppt)","Sinocalanus",1912.96333112415,75.851369047619,9448.68452380952
"201",2008,"Low Salinity (0.5-6 ppt)","Acartia",10.8008552416775,75.9675,9564.63157894737
"202",2008,"Low Salinity (0.5-6 ppt)","Bosmina",2.96514298717055,75.9675,9564.63157894737
"203",2008,"Low Salinity (0.5-6 ppt)","Daphnia sp.",8.02657383479091,75.9675,9564.63157894737
"204",2008,"Low Salinity (0.5-6 ppt)","Eurytemora",2754.54088433903,75.9675,9564.63157894737
"205",2008,"Low Salinity (0.5-6 ppt)","Harpacticoids",255.081635723605,75.9675,9564.63157894737
"206",2008,"Low Salinity (0.5-6 ppt)","Mysids",1.73589015151515,75.385,10511.3181818182
"207",2008,"Low Salinity (0.5-6 ppt)","Pseudodiaptomus",304.046639045145,75.9675,9564.63157894737
"208",2008,"Low Salinity (0.5-6 ppt)","Sinocalanus",531.071467822033,75.9675,9564.63157894737
"209",2008,"High Salinity (>6 ppt)","Acartia",1128.51482573504,75.7953448275862,9177.5
"210",2008,"High Salinity (>6 ppt)","Bosmina",0.521364245074017,75.7953448275862,9177.5
"211",2008,"High Salinity (>6 ppt)","Daphnia sp.",0.121721927359299,75.7953448275862,9177.5
"212",2008,"High Salinity (>6 ppt)","Eurytemora",640.034474158822,75.7953448275862,9177.5
"213",2008,"High Salinity (>6 ppt)","Harpacticoids",991.02616726042,75.7953448275862,9177.5
"214",2008,"High Salinity (>6 ppt)","Mysids",0.201410256410256,75.4907692307692,10532.5384615385
"215",2008,"High Salinity (>6 ppt)","Pseudodiaptomus",10.4270472151366,75.7953448275862,9177.5
"216",2008,"High Salinity (>6 ppt)","Sinocalanus",54.2417111232427,75.7953448275862,9177.5
"217",2009,"Fresh (<0.5ppt)","Acartia",0.125298827703144,71.7148704663212,15535.1917098446
"218",2009,"Fresh (<0.5ppt)","Bosmina",1494.92994460866,71.7148704663212,15535.1917098446
"219",2009,"Fresh (<0.5ppt)","Daphnia sp.",372.175769159736,71.7148704663212,15535.1917098446
"220",2009,"Fresh (<0.5ppt)","Eurytemora",445.779495192211,71.7148704663212,15535.1917098446
"221",2009,"Fresh (<0.5ppt)","Harpacticoids",66.2756223176852,71.7148704663212,15535.1917098446
"222",2009,"Fresh (<0.5ppt)","Mysids",0.0207327586206897,71.5644827586207,11880.8620689655
"223",2009,"Fresh (<0.5ppt)","Pseudodiaptomus",637.036775636015,71.7148704663212,15535.1917098446
"224",2009,"Fresh (<0.5ppt)","Sinocalanus",1417.35915466,71.7148704663212,15535.1917098446
"225",2009,"Low Salinity (0.5-6 ppt)","Acartia",13.9865271746847,72.330625,14127.109375
"226",2009,"Low Salinity (0.5-6 ppt)","Bosmina",18.3910747793948,72.330625,14127.109375
"227",2009,"Low Salinity (0.5-6 ppt)","Daphnia sp.",15.4989587338807,72.330625,14127.109375
"228",2009,"Low Salinity (0.5-6 ppt)","Eurytemora",1768.41068493096,72.330625,14127.109375
"229",2009,"Low Salinity (0.5-6 ppt)","Harpacticoids",574.283155403008,72.330625,14127.109375
"230",2009,"Low Salinity (0.5-6 ppt)","Mysids",0.195598958333333,72.356875,12279.5625
"231",2009,"Low Salinity (0.5-6 ppt)","Pseudodiaptomus",85.2328172375617,72.330625,14127.109375
"232",2009,"Low Salinity (0.5-6 ppt)","Sinocalanus",481.915376164005,72.330625,14127.109375
"233",2009,"High Salinity (>6 ppt)","Acartia",1292.37032317113,72.3419444444445,15150.1944444444
"234",2009,"High Salinity (>6 ppt)","Bosmina",0.608808412379522,72.3419444444445,15150.1944444444
"235",2009,"High Salinity (>6 ppt)","Daphnia sp.",0.121574750356961,72.3419444444445,15150.1944444444
"236",2009,"High Salinity (>6 ppt)","Eurytemora",150.56276766606,72.3419444444445,15150.1944444444
"237",2009,"High Salinity (>6 ppt)","Harpacticoids",749.049640738054,72.3419444444445,15150.1944444444
"238",2009,"High Salinity (>6 ppt)","Mysids",0.08625,72.293,11548
"239",2009,"High Salinity (>6 ppt)","Pseudodiaptomus",14.3016246223594,72.3419444444445,15150.1944444444
"240",2009,"High Salinity (>6 ppt)","Sinocalanus",35.5868412651052,72.3419444444445,15150.1944444444
"241",2010,"Fresh (<0.5ppt)","Acartia",0.0235266871616291,68.5057603686636,19103.1244239631
"242",2010,"Fresh (<0.5ppt)","Bosmina",1999.63154232883,68.5057603686636,19103.1244239631
"243",2010,"Fresh (<0.5ppt)","Daphnia sp.",387.478277764063,68.5057603686636,19103.1244239631
"244",2010,"Fresh (<0.5ppt)","Eurytemora",403.01838415847,68.5057603686636,19103.1244239631
"245",2010,"Fresh (<0.5ppt)","Harpacticoids",47.6056677893847,68.5057603686636,19103.1244239631
"246",2010,"Fresh (<0.5ppt)","Mysids",0.149192708333333,67.5296875,21694.03125
"247",2010,"Fresh (<0.5ppt)","Pseudodiaptomus",947.022780579235,68.5057603686636,19103.1244239631
"248",2010,"Fresh (<0.5ppt)","Sinocalanus",2054.68592779444,68.5057603686636,19103.1244239631
"249",2010,"Low Salinity (0.5-6 ppt)","Acartia",0.609434596001526,69.0444285714286,18661.6714285714
"250",2010,"Low Salinity (0.5-6 ppt)","Bosmina",63.2903485308684,69.0444285714286,18661.6714285714
"251",2010,"Low Salinity (0.5-6 ppt)","Daphnia sp.",15.1694566310781,69.0444285714286,18661.6714285714
"252",2010,"Low Salinity (0.5-6 ppt)","Eurytemora",1271.92901154642,69.0444285714286,18661.6714285714
"253",2010,"Low Salinity (0.5-6 ppt)","Harpacticoids",992.997453503293,69.0444285714286,18661.6714285714
"254",2010,"Low Salinity (0.5-6 ppt)","Mysids",0.22860119047619,68.7742857142857,19032.2857142857
"255",2010,"Low Salinity (0.5-6 ppt)","Pseudodiaptomus",191.795492467425,69.0444285714286,18661.6714285714
"256",2010,"Low Salinity (0.5-6 ppt)","Sinocalanus",804.668106554892,69.0444285714286,18661.6714285714
"257",2010,"High Salinity (>6 ppt)","Acartia",523.506845465613,68.814,18294.4
"258",2010,"High Salinity (>6 ppt)","Bosmina",56.4607548649962,68.814,18294.4
"259",2010,"High Salinity (>6 ppt)","Daphnia sp.",17.1789553262656,68.814,18294.4
"260",2010,"High Salinity (>6 ppt)","Eurytemora",258.899472399125,68.814,18294.4
"261",2010,"High Salinity (>6 ppt)","Harpacticoids",494.862169932492,68.814,18294.4
"262",2010,"High Salinity (>6 ppt)","Mysids",0.138910256410256,67.84,18753.3846153846
"263",2010,"High Salinity (>6 ppt)","Pseudodiaptomus",24.8462776226845,68.814,18294.4
"264",2010,"High Salinity (>6 ppt)","Sinocalanus",42.5373662368479,68.814,18294.4
"265",2011,"Fresh (<0.5ppt)","Acartia",0.177532603895571,54.6749642857143,77836.5928571429
"266",2011,"Fresh (<0.5ppt)","Bosmina",1693.37988218289,54.6749642857143,77836.5928571429
"267",2011,"Fresh (<0.5ppt)","Daphnia sp.",189.50585948333,54.6749642857143,77836.5928571429
"268",2011,"Fresh (<0.5ppt)","Eurytemora",444.611517928121,54.6749642857143,77836.5928571429
"269",2011,"Fresh (<0.5ppt)","Harpacticoids",42.6878531597969,54.6749642857143,77836.5928571429
"270",2011,"Fresh (<0.5ppt)","Mysids",0.0993229166666667,55.62525,58555.975
"271",2011,"Fresh (<0.5ppt)","Pseudodiaptomus",224.942285059979,54.6749642857143,77836.5928571429
"272",2011,"Fresh (<0.5ppt)","Sinocalanus",386.658525178588,54.6749642857143,77836.5928571429
"273",2011,"Low Salinity (0.5-6 ppt)","Acartia",13.5761241848527,54.6911538461538,64164
"274",2011,"Low Salinity (0.5-6 ppt)","Bosmina",73.3883561362001,54.6911538461538,64164
"275",2011,"Low Salinity (0.5-6 ppt)","Daphnia sp.",24.8364847771851,54.6911538461538,64164
"276",2011,"Low Salinity (0.5-6 ppt)","Eurytemora",2075.3548040139,54.6911538461538,64164
"277",2011,"Low Salinity (0.5-6 ppt)","Harpacticoids",460.54043604997,54.6911538461538,64164
"278",2011,"Low Salinity (0.5-6 ppt)","Mysids",0.315555555555556,55.7775,58456.4166666667
"279",2011,"Low Salinity (0.5-6 ppt)","Pseudodiaptomus",322.605325162129,54.6911538461538,64164
"280",2011,"Low Salinity (0.5-6 ppt)","Sinocalanus",288.656391628664,54.6911538461538,64164
"281",2011,"High Salinity (>6 ppt)","Acartia",579.292145129172,56.2376470588235,58886.4117647059
"282",2011,"High Salinity (>6 ppt)","Bosmina",2.35429556190067,56.2376470588235,58886.4117647059
"283",2011,"High Salinity (>6 ppt)","Daphnia sp.",0.993529411764706,56.2376470588235,58886.4117647059
"284",2011,"High Salinity (>6 ppt)","Eurytemora",605.985091494753,56.2376470588235,58886.4117647059
"285",2011,"High Salinity (>6 ppt)","Harpacticoids",189.932386727225,56.2376470588235,58886.4117647059
"286",2011,"High Salinity (>6 ppt)","Mysids",0.24655303030303,56.6627272727273,65177.0909090909
"287",2011,"High Salinity (>6 ppt)","Pseudodiaptomus",20.2979998408463,56.2376470588235,58886.4117647059
"288",2011,"High Salinity (>6 ppt)","Sinocalanus",32.1175423390919,56.2376470588235,58886.4117647059
"289",2012,"Fresh (<0.5ppt)","Acartia",0.0935681810227678,70.1622790697674,16811.0511627907
"290",2012,"Fresh (<0.5ppt)","Bosmina",625.960877918356,70.1622790697674,16811.0511627907
"291",2012,"Fresh (<0.5ppt)","Daphnia sp.",238.479112517028,70.1622790697674,16811.0511627907
"292",2012,"Fresh (<0.5ppt)","Eurytemora",299.443726247442,70.1622790697674,16811.0511627907
"293",2012,"Fresh (<0.5ppt)","Harpacticoids",54.3095413978837,70.1622790697674,16811.0511627907
"294",2012,"Fresh (<0.5ppt)","Mysids",0.473303571428571,69.7153571428571,20373.9642857143
"295",2012,"Fresh (<0.5ppt)","Pseudodiaptomus",1418.9372694727,70.1622790697674,16811.0511627907
"296",2012,"Fresh (<0.5ppt)","Sinocalanus",1238.4374040479,70.1622790697674,16811.0511627907
"297",2012,"Low Salinity (0.5-6 ppt)","Acartia",5.82535211381378,71.2083333333333,18405.0119047619
"298",2012,"Low Salinity (0.5-6 ppt)","Bosmina",55.2988572988757,71.2083333333333,18405.0119047619
"299",2012,"Low Salinity (0.5-6 ppt)","Daphnia sp.",12.2326217872575,71.2083333333333,18405.0119047619
"300",2012,"Low Salinity (0.5-6 ppt)","Eurytemora",824.934655932915,71.2083333333333,18405.0119047619
"301",2012,"Low Salinity (0.5-6 ppt)","Harpacticoids",1322.58571024047,71.2083333333333,18405.0119047619
"302",2012,"Low Salinity (0.5-6 ppt)","Mysids",0.503026315789474,71.5094736842105,26068.1578947368
"303",2012,"Low Salinity (0.5-6 ppt)","Pseudodiaptomus",376.274620130332,71.2083333333333,18405.0119047619
"304",2012,"Low Salinity (0.5-6 ppt)","Sinocalanus",630.82001090514,71.2083333333333,18405.0119047619
"305",2012,"High Salinity (>6 ppt)","Acartia",2333.95298600103,70.7225,18828.9
"306",2012,"High Salinity (>6 ppt)","Bosmina",0.365237746929105,70.7225,18828.9
"307",2012,"High Salinity (>6 ppt)","Daphnia sp.",0.347076313597777,70.7225,18828.9
"308",2012,"High Salinity (>6 ppt)","Eurytemora",31.7788919747401,70.7225,18828.9
"309",2012,"High Salinity (>6 ppt)","Harpacticoids",197.367445818045,70.7225,18828.9
"310",2012,"High Salinity (>6 ppt)","Mysids",0.23655303030303,69.2681818181818,25862.9090909091
"311",2012,"High Salinity (>6 ppt)","Pseudodiaptomus",17.9923988926791,70.7225,18828.9
"312",2012,"High Salinity (>6 ppt)","Sinocalanus",11.9600752308584,70.7225,18828.9
"313",2013,"Fresh (<0.5ppt)","Acartia",0.0511908599263801,75.4285,10344.3166666667
"314",2013,"Fresh (<0.5ppt)","Bosmina",1534.1319807398,75.4285,10344.3166666667
"315",2013,"Fresh (<0.5ppt)","Daphnia sp.",1228.97639836247,75.4285,10344.3166666667
"316",2013,"Fresh (<0.5ppt)","Eurytemora",549.4591185322,75.4285,10344.3166666667
"317",2013,"Fresh (<0.5ppt)","Harpacticoids",60.0066876533186,75.4285,10344.3166666667
"318",2013,"Fresh (<0.5ppt)","Mysids",0.0604528985507246,75.1491304347826,9542.73913043478
"319",2013,"Fresh (<0.5ppt)","Pseudodiaptomus",3508.40918601005,75.4285,10344.3166666667
"320",2013,"Fresh (<0.5ppt)","Sinocalanus",1519.95162223265,75.4285,10344.3166666667
"321",2013,"Low Salinity (0.5-6 ppt)","Acartia",0.876479063443786,75.6093243243243,9789.04054054054
"322",2013,"Low Salinity (0.5-6 ppt)","Bosmina",18.5235763862597,75.6093243243243,9789.04054054054
"323",2013,"Low Salinity (0.5-6 ppt)","Daphnia sp.",8.90899597009113,75.6093243243243,9789.04054054054
"324",2013,"Low Salinity (0.5-6 ppt)","Eurytemora",861.277846101779,75.6093243243243,9789.04054054054
"325",2013,"Low Salinity (0.5-6 ppt)","Harpacticoids",222.4118296432,75.6093243243243,9789.04054054054
"326",2013,"Low Salinity (0.5-6 ppt)","Mysids",2.008125,75.6572222222222,8656.27777777778
"327",2013,"Low Salinity (0.5-6 ppt)","Pseudodiaptomus",562.847824238489,75.6093243243243,9789.04054054054
"328",2013,"Low Salinity (0.5-6 ppt)","Sinocalanus",107.380565052554,75.6093243243243,9789.04054054054
"329",2013,"High Salinity (>6 ppt)","Acartia",436.124885207331,75.7930379746835,9697.92405063291
"330",2013,"High Salinity (>6 ppt)","Bosmina",0.164693863977982,75.7930379746835,9697.92405063291
"331",2013,"High Salinity (>6 ppt)","Daphnia sp.",0.0828964796470231,75.7930379746835,9697.92405063291
"332",2013,"High Salinity (>6 ppt)","Eurytemora",148.311652765214,75.7930379746835,9697.92405063291
"333",2013,"High Salinity (>6 ppt)","Harpacticoids",434.827910226142,75.7930379746835,9697.92405063291
"334",2013,"High Salinity (>6 ppt)","Mysids",0.122430555555556,75.8883333333333,8290.25
"335",2013,"High Salinity (>6 ppt)","Pseudodiaptomus",149.552195892401,75.7930379746835,9697.92405063291
"336",2013,"High Salinity (>6 ppt)","Sinocalanus",8.62567351080685,75.7930379746835,9697.92405063291
"337",2014,"Fresh (<0.5ppt)","Acartia",0.019305509376881,80.1458227848101,8498.46202531646
"338",2014,"Fresh (<0.5ppt)","Bosmina",300.745629779796,80.1458227848101,8498.46202531646
"339",2014,"Fresh (<0.5ppt)","Daphnia sp.",331.687678697756,80.1458227848101,8498.46202531646
"340",2014,"Fresh (<0.5ppt)","Eurytemora",299.595070720589,80.1458227848101,8498.46202531646
"341",2014,"Fresh (<0.5ppt)","Harpacticoids",22.8084357827423,80.1458227848101,8498.46202531646
"342",2014,"Fresh (<0.5ppt)","Mysids",0.018875,78.2015,10539.15
"343",2014,"Fresh (<0.5ppt)","Pseudodiaptomus",4707.36300040585,80.1458227848101,8498.46202531646
"344",2014,"Fresh (<0.5ppt)","Sinocalanus",816.526815067709,80.1458227848101,8498.46202531646
"345",2014,"Low Salinity (0.5-6 ppt)","Acartia",3.98938760302805,79.9162886597938,7916.87628865979
"346",2014,"Low Salinity (0.5-6 ppt)","Bosmina",20.813278762964,79.9162886597938,7916.87628865979
"347",2014,"Low Salinity (0.5-6 ppt)","Daphnia sp.",8.00544613486582,79.9162886597938,7916.87628865979
"348",2014,"Low Salinity (0.5-6 ppt)","Eurytemora",538.277420300838,79.9162886597938,7916.87628865979
"349",2014,"Low Salinity (0.5-6 ppt)","Harpacticoids",77.0200322193123,79.9162886597938,7916.87628865979
"350",2014,"Low Salinity (0.5-6 ppt)","Mysids",0.385297619047619,77.9176190476191,8647.42857142857
"351",2014,"Low Salinity (0.5-6 ppt)","Pseudodiaptomus",629.624978217556,79.9162886597938,7916.87628865979
"352",2014,"Low Salinity (0.5-6 ppt)","Sinocalanus",126.605393433644,79.9162886597938,7916.87628865979
"353",2014,"High Salinity (>6 ppt)","Acartia",433.564114287362,81.2382258064516,5815
"354",2014,"High Salinity (>6 ppt)","Bosmina",0.0992349438558255,81.2382258064516,5815
"355",2014,"High Salinity (>6 ppt)","Daphnia sp.",0,81.2382258064516,5815
"356",2014,"High Salinity (>6 ppt)","Eurytemora",127.437990911288,81.2382258064516,5815
"357",2014,"High Salinity (>6 ppt)","Harpacticoids",123.562650738621,81.2382258064516,5815
"358",2014,"High Salinity (>6 ppt)","Mysids",0.143680555555556,79.6275,6904.75
"359",2014,"High Salinity (>6 ppt)","Pseudodiaptomus",149.121547813354,81.2382258064516,5815
"360",2014,"High Salinity (>6 ppt)","Sinocalanus",1.89548455033526,81.2382258064516,5815
"361",2015,"Fresh (<0.5ppt)","Acartia",0,81.3092248062016,6716.93023255814
"362",2015,"Fresh (<0.5ppt)","Bosmina",1709.80174102732,81.3092248062016,6716.93023255814
"363",2015,"Fresh (<0.5ppt)","Daphnia sp.",2105.00799199139,81.3092248062016,6716.93023255814
"364",2015,"Fresh (<0.5ppt)","Eurytemora",627.843749761717,81.3092248062016,6716.93023255814
"365",2015,"Fresh (<0.5ppt)","Harpacticoids",24.917746240617,81.3092248062016,6716.93023255814
"366",2015,"Fresh (<0.5ppt)","Mysids",0.100444444444444,80.7873333333333,7789.06666666667
"367",2015,"Fresh (<0.5ppt)","Pseudodiaptomus",5477.67571849974,81.3092248062016,6716.93023255814
"368",2015,"Fresh (<0.5ppt)","Sinocalanus",775.509816143027,81.3092248062016,6716.93023255814
"369",2015,"Low Salinity (0.5-6 ppt)","Acartia",0.0480997822667823,81.3663529411765,6741.31764705882
"370",2015,"Low Salinity (0.5-6 ppt)","Bosmina",24.4450161740682,81.3663529411765,6741.31764705882
"371",2015,"Low Salinity (0.5-6 ppt)","Daphnia sp.",21.8804316547533,81.3663529411765,6741.31764705882
"372",2015,"Low Salinity (0.5-6 ppt)","Eurytemora",455.512155395405,81.3663529411765,6741.31764705882
"373",2015,"Low Salinity (0.5-6 ppt)","Harpacticoids",33.6497229927419,81.3663529411765,6741.31764705882
"374",2015,"Low Salinity (0.5-6 ppt)","Mysids",1.6680625,80.9355,6959.85
"375",2015,"Low Salinity (0.5-6 ppt)","Pseudodiaptomus",2041.52826931695,81.3663529411765,6741.31764705882
"376",2015,"Low Salinity (0.5-6 ppt)","Sinocalanus",120.790500410255,81.3663529411765,6741.31764705882
"377",2015,"High Salinity (>6 ppt)","Acartia",45.7292442844409,81.6582474226804,6754.58762886598
"378",2015,"High Salinity (>6 ppt)","Bosmina",0.0703594266479311,81.6582474226804,6754.58762886598
"379",2015,"High Salinity (>6 ppt)","Daphnia sp.",0.0716041864286464,81.6582474226804,6754.58762886598
"380",2015,"High Salinity (>6 ppt)","Eurytemora",12.8533968055647,81.6582474226804,6754.58762886598
"381",2015,"High Salinity (>6 ppt)","Harpacticoids",72.2644284844588,81.6582474226804,6754.58762886598
"382",2015,"High Salinity (>6 ppt)","Mysids",1.05804166666667,81.3835,6637.15
"383",2015,"High Salinity (>6 ppt)","Pseudodiaptomus",237.2696985508,81.6582474226804,6754.58762886598
"384",2015,"High Salinity (>6 ppt)","Sinocalanus",1.72652710445589,81.6582474226804,6754.58762886598
"385",2016,"Fresh (<0.5ppt)","Acartia",0.242630340643209,65.2615492957746,47052.8732394366
"386",2016,"Fresh (<0.5ppt)","Bosmina",2118.70840123997,65.2615492957746,47052.8732394366
"387",2016,"Fresh (<0.5ppt)","Daphnia sp.",934.695716420155,65.2615492957746,47052.8732394366
"388",2016,"Fresh (<0.5ppt)","Eurytemora",428.136462958524,65.2615492957746,47052.8732394366
"389",2016,"Fresh (<0.5ppt)","Harpacticoids",42.0939619735314,65.2615492957746,47052.8732394366
"390",2016,"Fresh (<0.5ppt)","Mysids",0.163873456790123,68.0088888888889,15726.7037037037
"391",2016,"Fresh (<0.5ppt)","Pseudodiaptomus",2797.91986004756,65.2615492957746,47052.8732394366
"392",2016,"Fresh (<0.5ppt)","Sinocalanus",442.546213496653,65.2615492957746,47052.8732394366
"393",2016,"Low Salinity (0.5-6 ppt)","Acartia",4.11854975789994,67.316301369863,25706
"394",2016,"Low Salinity (0.5-6 ppt)","Bosmina",90.2673227158306,67.316301369863,25706
"395",2016,"Low Salinity (0.5-6 ppt)","Daphnia sp.",45.0336865971141,67.316301369863,25706
"396",2016,"Low Salinity (0.5-6 ppt)","Eurytemora",966.813444877795,67.316301369863,25706
"397",2016,"Low Salinity (0.5-6 ppt)","Harpacticoids",118.716111512228,67.316301369863,25706
"398",2016,"Low Salinity (0.5-6 ppt)","Mysids",1.61677083333333,69.58875,18768.125
"399",2016,"Low Salinity (0.5-6 ppt)","Pseudodiaptomus",763.343625525128,67.316301369863,25706
"400",2016,"Low Salinity (0.5-6 ppt)","Sinocalanus",436.937030018099,67.316301369863,25706
"401",2016,"High Salinity (>6 ppt)","Acartia",181.109742144588,68.9116666666667,20651.4285714286
"402",2016,"High Salinity (>6 ppt)","Bosmina",0.994527936890102,68.9116666666667,20651.4285714286
"403",2016,"High Salinity (>6 ppt)","Daphnia sp.",0.398753849367302,68.9116666666667,20651.4285714286
"404",2016,"High Salinity (>6 ppt)","Eurytemora",88.9204846715618,68.9116666666667,20651.4285714286
"405",2016,"High Salinity (>6 ppt)","Harpacticoids",67.1146087809742,68.9116666666667,20651.4285714286
"406",2016,"High Salinity (>6 ppt)","Mysids",0.116111111111111,68.7975,30149.75
"407",2016,"High Salinity (>6 ppt)","Pseudodiaptomus",264.818300553636,68.9116666666667,20651.4285714286
"408",2016,"High Salinity (>6 ppt)","Sinocalanus",4.46158426025222,68.9116666666667,20651.4285714286
"409",2017,"Fresh (<0.5ppt)","Acartia",0,47.8364745762712,94990.8881355932
"410",2017,"Fresh (<0.5ppt)","Bosmina",910.640417263245,47.8364745762712,94990.8881355932
"411",2017,"Fresh (<0.5ppt)","Daphnia sp.",164.327812488802,47.8364745762712,94990.8881355932
"412",2017,"Fresh (<0.5ppt)","Eurytemora",536.157461799983,47.8364745762712,94990.8881355932
"413",2017,"Fresh (<0.5ppt)","Harpacticoids",50.4971469715666,47.8364745762712,94990.8881355932
"414",2017,"Fresh (<0.5ppt)","Mysids",0.236166666666667,46.8395555555556,91373.8222222222
"415",2017,"Fresh (<0.5ppt)","Pseudodiaptomus",945.883753513884,47.8364745762712,94990.8881355932
"416",2017,"Fresh (<0.5ppt)","Sinocalanus",264.88991410422,47.8364745762712,94990.8881355932
"417",2017,"Low Salinity (0.5-6 ppt)","Acartia",7.66084214420369,47.811568627451,86165.5098039216
"418",2017,"Low Salinity (0.5-6 ppt)","Bosmina",103.289345014458,47.811568627451,86165.5098039216
"419",2017,"Low Salinity (0.5-6 ppt)","Daphnia sp.",28.2196994814505,47.811568627451,86165.5098039216
"420",2017,"Low Salinity (0.5-6 ppt)","Eurytemora",3047.74939253104,47.811568627451,86165.5098039216
"421",2017,"Low Salinity (0.5-6 ppt)","Harpacticoids",300.448776497145,47.811568627451,86165.5098039216
"422",2017,"Low Salinity (0.5-6 ppt)","Mysids",2.610125,47.668,80554.5
"423",2017,"Low Salinity (0.5-6 ppt)","Pseudodiaptomus",1384.43946423478,47.811568627451,86165.5098039216
"424",2017,"Low Salinity (0.5-6 ppt)","Sinocalanus",234.770511562808,47.811568627451,86165.5098039216
"425",2017,"High Salinity (>6 ppt)","Acartia",151.602864662969,49.9208333333333,70695.5833333333
"426",2017,"High Salinity (>6 ppt)","Bosmina",1.4588432029674,49.9208333333333,70695.5833333333
"427",2017,"High Salinity (>6 ppt)","Daphnia sp.",0.171666666666667,49.9208333333333,70695.5833333333
"428",2017,"High Salinity (>6 ppt)","Eurytemora",532.298312343285,49.9208333333333,70695.5833333333
"429",2017,"High Salinity (>6 ppt)","Harpacticoids",72.6108289935868,49.9208333333333,70695.5833333333
"430",2017,"High Salinity (>6 ppt)","Mysids",0.987083333333333,49.73375,70505.625
"431",2017,"High Salinity (>6 ppt)","Pseudodiaptomus",239.12160227045,49.9208333333333,70695.5833333333
"432",2017,"High Salinity (>6 ppt)","Sinocalanus",54.123019124677,49.9208333333333,70695.5833333333
"433",2018,"Fresh (<0.5ppt)","Acartia",0.123662225625387,66.8216742081448,37363.8733031674
"434",2018,"Fresh (<0.5ppt)","Bosmina",592.316578907594,66.8216742081448,37363.8733031674
"435",2018,"Fresh (<0.5ppt)","Daphnia sp.",96.6645486400623,66.8216742081448,37363.8733031674
"436",2018,"Fresh (<0.5ppt)","Eurytemora",1426.72303299524,66.8216742081448,37363.8733031674
"437",2018,"Fresh (<0.5ppt)","Harpacticoids",32.3446479456057,66.8216742081448,37363.8733031674
"438",2018,"Fresh (<0.5ppt)","Mysids",0.0184051724137931,66.7410344827586,44328.9655172414
"439",2018,"Fresh (<0.5ppt)","Pseudodiaptomus",2056.43797518317,66.8216742081448,37363.8733031674
"440",2018,"Fresh (<0.5ppt)","Sinocalanus",181.931642992407,66.8216742081448,37363.8733031674
"441",2018,"Low Salinity (0.5-6 ppt)","Acartia",2.99900340808542,68.3722535211268,25731.8450704225
"442",2018,"Low Salinity (0.5-6 ppt)","Bosmina",18.3305407883184,68.3722535211268,25731.8450704225
"443",2018,"Low Salinity (0.5-6 ppt)","Daphnia sp.",5.47296649909826,68.3722535211268,25731.8450704225
"444",2018,"Low Salinity (0.5-6 ppt)","Eurytemora",989.759706346568,68.3722535211268,25731.8450704225
"445",2018,"Low Salinity (0.5-6 ppt)","Harpacticoids",146.049683525442,68.3722535211268,25731.8450704225
"446",2018,"Low Salinity (0.5-6 ppt)","Mysids",0.853700980392157,68.6564705882353,26472.2941176471
"447",2018,"Low Salinity (0.5-6 ppt)","Pseudodiaptomus",957.012442172571,68.3722535211268,25731.8450704225
"448",2018,"Low Salinity (0.5-6 ppt)","Sinocalanus",36.052764729949,68.3722535211268,25731.8450704225
"449",2018,"High Salinity (>6 ppt)","Acartia",183.216618352432,69.283488372093,19461.1395348837
"450",2018,"High Salinity (>6 ppt)","Bosmina",0.394314269766489,69.283488372093,19461.1395348837
"451",2018,"High Salinity (>6 ppt)","Daphnia sp.",0,69.283488372093,19461.1395348837
"452",2018,"High Salinity (>6 ppt)","Eurytemora",95.5838317851533,69.283488372093,19461.1395348837
"453",2018,"High Salinity (>6 ppt)","Harpacticoids",150.412702079282,69.283488372093,19461.1395348837
"454",2018,"High Salinity (>6 ppt)","Mysids",0.0587847222222222,67.7816666666667,27109.6666666667
"455",2018,"High Salinity (>6 ppt)","Pseudodiaptomus",36.5613995361818,69.283488372093,19461.1395348837
"456",2018,"High Salinity (>6 ppt)","Sinocalanus",0.894242146547178,69.283488372093,19461.1395348837
"457",2019,"Fresh (<0.5ppt)","Acartia",0.654641238536906,51.7500740740741,86170.9111111111
"458",2019,"Fresh (<0.5ppt)","Bosmina",538.43504210204,51.7500740740741,86170.9111111111
"459",2019,"Fresh (<0.5ppt)","Daphnia sp.",102.292561662421,51.7500740740741,86170.9111111111
"460",2019,"Fresh (<0.5ppt)","Eurytemora",1309.29757841593,51.7500740740741,86170.9111111111
"461",2019,"Fresh (<0.5ppt)","Harpacticoids",25.2780046708575,51.7500740740741,86170.9111111111
"462",2019,"Fresh (<0.5ppt)","Mysids",0.186961382113821,51.499756097561,89201.6097560976
"463",2019,"Fresh (<0.5ppt)","Pseudodiaptomus",547.63494574079,51.7500740740741,86170.9111111111
"464",2019,"Fresh (<0.5ppt)","Sinocalanus",259.844148807108,51.7500740740741,86170.9111111111
"465",2019,"Low Salinity (0.5-6 ppt)","Acartia",20.2513809436394,51.8553225806452,79546.2258064516
"466",2019,"Low Salinity (0.5-6 ppt)","Bosmina",117.176005909951,51.8553225806452,79546.2258064516
"467",2019,"Low Salinity (0.5-6 ppt)","Daphnia sp.",37.1154405024572,51.8553225806452,79546.2258064516
"468",2019,"Low Salinity (0.5-6 ppt)","Eurytemora",1991.76633088503,51.8553225806452,79546.2258064516
"469",2019,"Low Salinity (0.5-6 ppt)","Harpacticoids",298.328311703897,51.8553225806452,79546.2258064516
"470",2019,"Low Salinity (0.5-6 ppt)","Mysids",0.703571428571429,51.5414285714286,79323.4285714286
"471",2019,"Low Salinity (0.5-6 ppt)","Pseudodiaptomus",813.374925747038,51.8553225806452,79546.2258064516
"472",2019,"Low Salinity (0.5-6 ppt)","Sinocalanus",76.3739706201341,51.8553225806452,79546.2258064516
"473",2019,"High Salinity (>6 ppt)","Acartia",76.0085537738721,54.1428571428571,62743.6666666667
"474",2019,"High Salinity (>6 ppt)","Bosmina",1.05579276737833,54.1428571428571,62743.6666666667
"475",2019,"High Salinity (>6 ppt)","Daphnia sp.",0.510450964044707,54.1428571428571,62743.6666666667
"476",2019,"High Salinity (>6 ppt)","Eurytemora",148.44719278802,54.1428571428571,62743.6666666667
"477",2019,"High Salinity (>6 ppt)","Harpacticoids",54.5040047260617,54.1428571428571,62743.6666666667
"478",2019,"High Salinity (>6 ppt)","Mysids",0.1634375,53.0975,69461
"479",2019,"High Salinity (>6 ppt)","Pseudodiaptomus",47.359209922073,54.1428571428571,62743.6666666667
"480",2019,"High Salinity (>6 ppt)","Sinocalanus",5.09717115829988,54.1428571428571,62743.6666666667
"481",2020,"Fresh (<0.5ppt)","Acartia",0.0947703268821752,76.4325,11385.3695652174
"482",2020,"Fresh (<0.5ppt)","Bosmina",289.93638029715,76.4325,11385.3695652174
"483",2020,"Fresh (<0.5ppt)","Daphnia sp.",439.279865017854,76.4325,11385.3695652174
"484",2020,"Fresh (<0.5ppt)","Eurytemora",3471.2050811084,76.4325,11385.3695652174
"485",2020,"Fresh (<0.5ppt)","Harpacticoids",22.3628670599659,76.4325,11385.3695652174
"486",2020,"Fresh (<0.5ppt)","Mysids",0.00662037037037037,74.5877777777778,11577.4444444444
"487",2020,"Fresh (<0.5ppt)","Pseudodiaptomus",3919.73548067624,76.4325,11385.3695652174
"488",2020,"Fresh (<0.5ppt)","Sinocalanus",216.601903664821,76.4325,11385.3695652174
"489",2020,"Low Salinity (0.5-6 ppt)","Acartia",3.60164143156697,76.6328947368421,11818.6315789474
"490",2020,"Low Salinity (0.5-6 ppt)","Bosmina",2.97247965027694,76.6328947368421,11818.6315789474
"491",2020,"Low Salinity (0.5-6 ppt)","Daphnia sp.",6.68424239060289,76.6328947368421,11818.6315789474
"492",2020,"Low Salinity (0.5-6 ppt)","Eurytemora",466.646751615322,76.6328947368421,11818.6315789474
"493",2020,"Low Salinity (0.5-6 ppt)","Harpacticoids",39.1761578976542,76.6328947368421,11818.6315789474
"494",2020,"Low Salinity (0.5-6 ppt)","Mysids",0.2740625,74.605,11819.5
"495",2020,"Low Salinity (0.5-6 ppt)","Pseudodiaptomus",2036.94792837722,76.6328947368421,11818.6315789474
"496",2020,"Low Salinity (0.5-6 ppt)","Sinocalanus",6.21322237854858,76.6328947368421,11818.6315789474
"497",2020,"High Salinity (>6 ppt)","Acartia",278.170590442678,76.6930303030303,11616.4848484848
"498",2020,"High Salinity (>6 ppt)","Bosmina",0,76.6930303030303,11616.4848484848
"499",2020,"High Salinity (>6 ppt)","Daphnia sp.",0,76.6930303030303,11616.4848484848
"500",2020,"High Salinity (>6 ppt)","Eurytemora",71.9488783310593,76.6930303030303,11616.4848484848
"501",2020,"High Salinity (>6 ppt)","Harpacticoids",113.559908325938,76.6930303030303,11616.4848484848
"502",2020,"High Salinity (>6 ppt)","Mysids",0.0369444444444444,74.7183333333333,10733.1666666667
"503",2020,"High Salinity (>6 ppt)","Pseudodiaptomus",149.562712413354,76.6930303030303,11616.4848484848
"504",2020,"High Salinity (>6 ppt)","Sinocalanus",0.944829854792826,76.6930303030303,11616.4848484848
"505",2021,"Fresh (<0.5ppt)","Acartia",0,80.5364705882353,5847.52941176471
"506",2021,"Fresh (<0.5ppt)","Bosmina",68.0982352941176,80.5364705882353,5847.52941176471
"507",2021,"Fresh (<0.5ppt)","Daphnia sp.",108.865882352941,80.5364705882353,5847.52941176471
"508",2021,"Fresh (<0.5ppt)","Eurytemora",3271.68294117647,80.5364705882353,5847.52941176471
"509",2021,"Fresh (<0.5ppt)","Harpacticoids",9.97117647058823,80.5364705882353,5847.52941176471
"510",2021,"Fresh (<0.5ppt)","Mysids",0.0177696078431373,80.5364705882353,5847.52941176471
"511",2021,"Fresh (<0.5ppt)","Pseudodiaptomus",771.130588235294,80.5364705882353,5847.52941176471
"512",2021,"Fresh (<0.5ppt)","Sinocalanus",45.3670588235294,80.5364705882353,5847.52941176471
"513",2021,"Low Salinity (0.5-6 ppt)","Acartia",0,80.5652,6368.6
"514",2021,"Low Salinity (0.5-6 ppt)","Bosmina",5.5596,80.5652,6368.6
"515",2021,"Low Salinity (0.5-6 ppt)","Daphnia sp.",8.2236,80.5652,6368.6
"516",2021,"Low Salinity (0.5-6 ppt)","Eurytemora",1654.2476,80.5652,6368.6
"517",2021,"Low Salinity (0.5-6 ppt)","Harpacticoids",11.9604,80.5652,6368.6
"518",2021,"Low Salinity (0.5-6 ppt)","Mysids",1.10446666666667,80.5652,6368.6
"519",2021,"Low Salinity (0.5-6 ppt)","Pseudodiaptomus",115.7288,80.5652,6368.6
"520",2021,"Low Salinity (0.5-6 ppt)","Sinocalanus",6.2332,80.5652,6368.6
"521",2021,"High Salinity (>6 ppt)","Acartia",470.221875,80.969375,7100.5
"522",2021,"High Salinity (>6 ppt)","Bosmina",0,80.969375,7100.5
"523",2021,"High Salinity (>6 ppt)","Daphnia sp.",0,80.969375,7100.5
"524",2021,"High Salinity (>6 ppt)","Eurytemora",212.818125,80.969375,7100.5
"525",2021,"High Salinity (>6 ppt)","Harpacticoids",89.431875,80.969375,7100.5
"526",2021,"High Salinity (>6 ppt)","Mysids",0.285130208333333,80.969375,7100.5
"527",2021,"High Salinity (>6 ppt)","Pseudodiaptomus",63.235625,80.969375,7100.5
"528",2021,"High Salinity (>6 ppt)","Sinocalanus",0.736875,80.969375,7100.5
